Workbook
Name Slicer_Department: #N/A
Name Slicer_Gender: #N/A
Name Slicer_JobLevel: #N/A
Name Slicer_OverTime: #N/A

Sheet Dashboard

Sheet Raw_Data
A1: Age | B1: Attrition | C1: BusinessTravel | D1: DailyRate | E1: Department | F1: DistanceFromHome | G1: Education | H1: EducationField | I1: EmployeeCount | J1: EmployeeNumber | K1: EnvironmentSatisfaction | L1: Gender | M1: HourlyRate | N1: JobInvolvement | O1: JobLevel | P1: JobRole | Q1: JobSatisfaction | R1: MaritalStatus | S1: MonthlyIncome | T1: MonthlyRate | U1: NumCompaniesWorked | V1: Over18 | W1: OverTime | X1: PercentSalaryHike | Y1: PerformanceRating | Z1: RelationshipSatisfaction | AA1: StandardHours | AB1: StockOptionLevel | AC1: TotalWorkingYears | AD1: TrainingTimesLastYear | AE1: WorkLifeBalance | AF1: YearsAtCompany | AG1: YearsInCurrentRole | AH1: YearsSinceLastPromotion | AI1: YearsWithCurrManager
A2: 41 | B2: Yes | C2: Travel_Rarely | D2: 1102 | E2: Sales | F2: 1 | G2: 2 | H2: Life Sciences | I2: 1 | J2: 1 | K2: 2 | L2: Female | M2: 94 | N2: 3 | O2: 2 | P2: Sales Executive | Q2: 4 | R2: Single | S2: 5993 | T2: 19479 | U2: 8 | V2: Y | W2: Yes | X2: 11 | Y2: 3 | Z2: 1 | AA2: 80 | AB2: 0 | AC2: 8 | AD2: 0 | AE2: 1 | AF2: 6 | AG2: 4 | AH2: 0 | AI2: 5
A3: 49 | B3: No | C3: Travel_Frequently | D3: 279 | E3: Research & Development | F3: 8 | G3: 1 | H3: Life Sciences | I3: 1 | J3: 2 | K3: 3 | L3: Male | M3: 61 | N3: 2 | O3: 2 | P3: Research Scientist | Q3: 2 | R3: Married | S3: 5130 | T3: 24907 | U3: 1 | V3: Y | W3: No | X3: 23 | Y3: 4 | Z3: 4 | AA3: 80 | AB3: 1 | AC3: 10 | AD3: 3 | AE3: 3 | AF3: 10 | AG3: 7 | AH3: 1 | AI3: 7
A4: 37 | B4: Yes | C4: Travel_Rarely | D4: 1373 | E4: Research & Development | F4: 2 | G4: 2 | H4: Other | I4: 1 | J4: 4 | K4: 4 | L4: Male | M4: 92 | N4: 2 | O4: 1 | P4: Laboratory Technician | Q4: 3 | R4: Single | S4: 2090 | T4: 2396 | U4: 6 | V4: Y | W4: Yes | X4: 15 | Y4: 3 | Z4: 2 | AA4: 80 | AB4: 0 | AC4: 7 | AD4: 3 | AE4: 3 | AF4: 0 | AG4: 0 | AH4: 0 | AI4: 0
A5: 33 | B5: No | C5: Travel_Frequently | D5: 1392 | E5: Research & Development | F5: 3 | G5: 4 | H5: Life Sciences | I5: 1 | J5: 5 | K5: 4 | L5: Female | M5: 56 | N5: 3 | O5: 1 | P5: Research Scientist | Q5: 3 | R5: Married | S5: 2909 | T5: 23159 | U5: 1 | V5: Y | W5: Yes | X5: 11 | Y5: 3 | Z5: 3 | AA5: 80 | AB5: 0 | AC5: 8 | AD5: 3 | AE5: 3 | AF5: 8 | AG5: 7 | AH5: 3 | AI5: 0
A6: 27 | B6: No | C6: Travel_Rarely | D6: 591 | E6: Research & Development | F6: 2 | G6: 1 | H6: Medical | I6: 1 | J6: 7 | K6: 1 | L6: Male | M6: 40 | N6: 3 | O6: 1 | P6: Laboratory Technician | Q6: 2 | R6: Married | S6: 3468 | T6: 16632 | U6: 9 | V6: Y | W6: No | X6: 12 | Y6: 3 | Z6: 4 | AA6: 80 | AB6: 1 | AC6: 6 | AD6: 3 | AE6: 3 | AF6: 2 | AG6: 2 | AH6: 2 | AI6: 2
A7: 32 | B7: No | C7: Travel_Frequently | D7: 1005 | E7: Research & Development | F7: 2 | G7: 2 | H7: Life Sciences | I7: 1 | J7: 8 | K7: 4 | L7: Male | M7: 79 | N7: 3 | O7: 1 | P7: Laboratory Technician | Q7: 4 | R7: Single | S7: 3068 | T7: 11864 | U7: 0 | V7: Y | W7: No | X7: 13 | Y7: 3 | Z7: 3 | AA7: 80 | AB7: 0 | AC7: 8 | AD7: 2 | AE7: 2 | AF7: 7 | AG7: 7 | AH7: 3 | AI7: 6
A8: 59 | B8: No | C8: Travel_Rarely | D8: 1324 | E8: Research & Development | F8: 3 | G8: 3 | H8: Medical | I8: 1 | J8: 10 | K8: 3 | L8: Female | M8: 81 | N8: 4 | O8: 1 | P8: Laboratory Technician | Q8: 1 | R8: Married | S8: 2670 | T8: 9964 | U8: 4 | V8: Y | W8: Yes | X8: 20 | Y8: 4 | Z8: 1 | AA8: 80 | AB8: 3 | AC8: 12 | AD8: 3 | AE8: 2 | AF8: 1 | AG8: 0 | AH8: 0 | AI8: 0
A9: 30 | B9: No | C9: Travel_Rarely | D9: 1358 | E9: Research & Development | F9: 24 | G9: 1 | H9: Life Sciences | I9: 1 | J9: 11 | K9: 4 | L9: Male | M9: 67 | N9: 3 | O9: 1 | P9: Laboratory Technician | Q9: 3 | R9: Divorced | S9: 2693 | T9: 13335 | U9: 1 | V9: Y | W9: No | X9: 22 | Y9: 4 | Z9: 2 | AA9: 80 | AB9: 1 | AC9: 1 | AD9: 2 | AE9: 3 | AF9: 1 | AG9: 0 | AH9: 0 | AI9: 0
A10: 38 | B10: No | C10: Travel_Frequently | D10: 216 | E10: Research & Development | F10: 23 | G10: 3 | H10: Life Sciences | I10: 1 | J10: 12 | K10: 4 | L10: Male | M10: 44 | N10: 2 | O10: 3 | P10: Manufacturing Director | Q10: 3 | R10: Single | S10: 9526 | T10: 8787 | U10: 0 | V10: Y | W10: No | X10: 21 | Y10: 4 | Z10: 2 | AA10: 80 | AB10: 0 | AC10: 10 | AD10: 2 | AE10: 3 | AF10: 9 | AG10: 7 | AH10: 1 | AI10: 8
A11: 36 | B11: No | C11: Travel_Rarely | D11: 1299 | E11: Research & Development | F11: 27 | G11: 3 | H11: Medical | I11: 1 | J11: 13 | K11: 3 | L11: Male | M11: 94 | N11: 3 | O11: 2 | P11: Healthcare Representative | Q11: 3 | R11: Married | S11: 5237 | T11: 16577 | U11: 6 | V11: Y | W11: No | X11: 13 | Y11: 3 | Z11: 2 | AA11: 80 | AB11: 2 | AC11: 17 | AD11: 3 | AE11: 2 | AF11: 7 | AG11: 7 | AH11: 7 | AI11: 7
A12: 35 | B12: No | C12: Travel_Rarely | D12: 809 | E12: Research & Development | F12: 16 | G12: 3 | H12: Medical | I12: 1 | J12: 14 | K12: 1 | L12: Male | M12: 84 | N12: 4 | O12: 1 | P12: Laboratory Technician | Q12: 2 | R12: Married | S12: 2426 | T12: 16479 | U12: 0 | V12: Y | W12: No | X12: 13 | Y12: 3 | Z12: 3 | AA12: 80 | AB12: 1 | AC12: 6 | AD12: 5 | AE12: 3 | AF12: 5 | AG12: 4 | AH12: 0 | AI12: 3
A13: 29 | B13: No | C13: Travel_Rarely | D13: 153 | E13: Research & Development | F13: 15 | G13: 2 | H13: Life Sciences | I13: 1 | J13: 15 | K13: 4 | L13: Female | M13: 49 | N13: 2 | O13: 2 | P13: Laboratory Technician | Q13: 3 | R13: Single | S13: 4193 | T13: 12682 | U13: 0 | V13: Y | W13: Yes | X13: 12 | Y13: 3 | Z13: 4 | AA13: 80 | AB13: 0 | AC13: 10 | AD13: 3 | AE13: 3 | AF13: 9 | AG13: 5 | AH13: 0 | AI13: 8
... A1471: 34 | B1471: No | C1471: Travel_Rarely | D1471: 628 | E1471: Research & Development | F1471: 8 | G1471: 3 | H1471: Medical | I1471: 1 | J1471: 2068 | K1471: 2 | L1471: Male | M1471: 82 | N1471: 4 | O1471: 2 | P1471: Laboratory Technician | Q1471: 3 | R1471: Married | S1471: 4404 | T1471: 10228 | U1471: 2 | V1471: Y | W1471: No | X1471: 12 | Y1471: 3 | Z1471: 1 | AA1471: 80 | AB1471: 0 | AC1471: 6 | AD1471: 3 | AE1471: 4 | AF1471: 4 | AG1471: 3 | AH1471: 1 | AI1471: 2

Sheet Read_Me
A1: Adecco HR Analytics | Project Workbook
A2: Project workspace for the HR Analytics: Case Study dataset. The analysis describes patterns in the supplied dataset; it does not establish causes of attrition.
A4: Project question | B4: Which employee characteristics are associated with attrition and job satisfaction, and where could management investigate retention improvements?
A5: Unit of analysis | B5: One row represents one employee.
A6: Overall attrition rate | B6: Employees marked Attrition = Yes divided by all employee records.
A7: Interpretation | B7: Results are descriptive associations, not evidence that a characteristic caused an employee to leave.
A8: Time limitation | B8: The file has no reporting-period field, so we cannot calculate an annual rate or trends over time.
A10: Planned sheet | B10: Purpose | C10: Status
A11: Read_Me | B11: Project question, definitions, and workbook navigation. | C11: Prepared
A12: Raw_Data | B12: Original employee records, preserved in an Excel Table named tblHR. | C12: Prepared
A13: Data_QA | B13: Validation results, key data notes, and limitations. | C13: Prepared
A14: PVT_Attrition | B14: Attrition rates by department, gender, distance band, overtime, job level, and tenure band | C14: Complete
A15: PVT_Workforce | B15: Average age and monthly income by attrition status | C15: Complete
A16: PVT_Engagement | B16: Average job satisfaction by job role and attrition status | C16: Complete
A17: PVT_Performance | B17: Average performance rating and work-life balance by attrition status | C17: Complete
A18: Association_Analysis | B18: Correlations among numeric fields and the attrition flag | C18: Not started
A19: Dashboard | B19: KPI cards and selected PivotCharts based on completed analyses | C19: Not started
A20: Insights | B20: Evidence-based findings, recommendations, and limitations | C20: Not started

Sheet Data_QA
A1: Data Quality Review
A2: Validation of the supplied Excel workbook before analysis.
A4: Check | B4: Result | C4: Notes
A5: Employee records | B5: 1470 | C5: One row per employee; source range includes one header row.
A6: Source columns | B6: 35 | C6: Column headers are unique.
A7: Blank cells | B7: 0 | C7: No blank values found in the 1,470 employee records.
A8: Duplicate EmployeeNumber values | B8: 0 | C8: EmployeeNumber is unique for every record.
A9: Duplicate complete rows | B9: 0 | C9: No exact duplicate records found.
A10: Non-numeric values in numeric fields | B10: 0 | C10: The checked numeric fields contain numeric values.
A11: Formula cells in source | B11: 0 | C11: Source data is stored as values.
A12: Attrition split | B12: 237 Yes / 1,233 No | C12: Overall attrition share is 16.12% of this dataset.
A13: Excel Table | B13: Created: tblHR | C13: The validated source range is formatted as an Excel Table for analysis.
A14: Data consistency | B14: No issues found in the checks performed | C14: Expected categories and basic tenure relationships were consistent.
A16: Constant field | B16: Observed value | C16: Analysis treatment
A17: EmployeeCount | B17: 1 | C17: Preserve in Raw_Data; exclude from analysis because it does not vary.
A18: Over18 | B18: Y | C18: Preserve in Raw_Data; exclude from analysis because it does not vary.
A19: StandardHours | B19: 80 | C19: Preserve in Raw_Data; exclude from analysis because it does not vary.
A21: Known limitation | B21: Why it matters | C21: Treatment
A22: No reporting period | B22: The file has no date or period field. | C22: Do not label 16.12% as annual attrition or report time trends.
A23: No departure reason | B23: The data records Attrition as Yes/No but not employees’ stated reasons for leaving. | C23: Describe associations; do not claim causal drivers.
A24: Demographic fields | B24: Gender, age, and marital status are present. | C24: Use group comparisons carefully; avoid individual-level or discriminatory recommendations.

Sheet PVT_Attrition
A2: Attrition Rate by Department | F2: Attrition Rate by Gender | K2: Attrition Rate by Distance Band | P2: Attrition Rate by Overtime Status | U2: Attrition Rate by Job Level | Z2: Attrition Rate by Years at Company
A7: Employee % | B7: Attrition rate | F7: Employee % | G7: Attrition rate | K7: Employee % | L7: Attrition rate | P7: Employee % | Q7: Attrition rate | U7: Employee % | V7: Attrition rate | Z7: Employee % | AA7: Attrition rate
A8: Department | B8: No | C8: Yes | D8: Grand Total | F8: Gender | G8: No | H8: Yes | I8: Grand Total | K8: DistanceFromHome | L8: No | M8: Yes | N8: Grand Total | P8: OverTime | Q8: No | R8: Yes | S8: Grand Total | U8: JobLevel | V8: No | W8: Yes | X8: Grand Total | Z8: Years at Company | AA8: No | AB8: Yes | AC8: Grand Total
A9: Sales | B9: 0.79372197 | C9: 0.20627803 | D9: 1 | F9: Female | G9: 0.85204082 | H9: 0.14795918 | I9: 1 | K9: 1-5 | L9: 0.86234177 | M9: 0.13765823 | N9: 1 | P9: No | Q9: 0.89563567 | R9: 0.10436433 | S9: 1 | U9: 1 | V9: 0.73664825 | W9: 0.26335175 | X9: 1 | Z9: 0-4 | AA9: 0.75689655 | AB9: 0.24310345 | AC9: 1
A10: Human Resources | B10: 0.80952381 | C10: 0.19047619 | D10: 1 | F10: Male | G10: 0.82993197 | H10: 0.17006803 | I10: 1 | K10: 6-10 | L10: 0.85532995 | M10: 0.14467005 | N10: 1 | P10: Yes | Q10: 0.69471154 | R10: 0.30528846 | S10: 1 | U10: 2 | V10: 0.90262172 | W10: 0.097378277 | X10: 1 | Z10: 5-9 | AA10: 0.88931298 | AB10: 0.11068702 | AC10: 1
A11: Research & Development | B11: 0.8616025 | C11: 0.1383975 | D11: 1 | F11: Grand Total | G11: 0.83877551 | H11: 0.16122449 | I11: 1 | K11: 11-15 | L11: 0.7826087 | M11: 0.2173913 | N11: 1 | P11: Grand Total | Q11: 0.83877551 | R11: 0.16122449 | S11: 1 | U11: 3 | V11: 0.85321101 | W11: 0.14678899 | X11: 1 | Z11: 10-14 | AA11: 0.88461538 | AB11: 0.11538462 | AC11: 1
A12: Grand Total | B12: 0.83877551 | C12: 0.16122449 | D12: 1 | K12: 16-20 | L12: 0.816 | M12: 0.184 | N12: 1 | U12: 4 | V12: 0.95283019 | W12: 0.047169811 | X12: 1 | Z12: 15-19 | AA12: 0.92307692 | AB12: 0.076923077 | AC12: 1
K13: 21-25 | L13: 0.72649573 | M13: 0.27350427 | N13: 1 | U13: 5 | V13: 0.92753623 | W13: 0.072463768 | X13: 1 | Z13: 20-24 | AA13: 0.921875 | AB13: 0.078125 | AC13: 1
K14: 26-30 | L14: 0.85057471 | M14: 0.14942529 | N14: 1 | U14: Grand Total | V14: 0.83877551 | W14: 0.16122449 | X14: 1 | Z14: 25-29 | AA14: 1 | AB14: 0 | AC14: 1
K15: Grand Total | L15: 0.83877551 | M15: 0.16122449 | N15: 1 | Z15: 30-34 | AA15: 0.76923077 | AB15: 0.23076923 | AC15: 1
Z16: 35-40 | AA16: 0.75 | AB16: 0.25 | AC16: 1
Z17: Grand Total | AA17: 0.83877551 | AB17: 0.16122449 | AC17: 1

Sheet PVT_Workforce
A2: Average Age by Attrition Status | D2: Average Monthly Income by Attrition Status
A7: Attrition Status | B7: Average Age | D7: Attrition Status | E7: Average Monthly Income
A8: No | B8: 37.561233 | D8: No | E8: 6832.7397
A9: Yes | B9: 33.607595 | D9: Yes | E9: 4787.0928
A10: Grand Total | B10: 36.92381 | D10: Grand Total | E10: 6502.9313

Sheet PVT_Engagement
A1: Average Job Satisfaction by Job Role | D1: Average Job Satisfaction by Attrition Status
A3: JobRole | B3: Average Job Satisfaction | D3: Attrition Status | E3: Average JobSatisfaction
A4: Human Resources | B4: 2.5576923 | D4: No | E4: 2.7785888
A5: Manufacturing Director | B5: 2.6827586 | D5: Yes | E5: 2.4683544
A6: Laboratory Technician | B6: 2.6911197 | D6: Grand Total | E6: 2.7285714
A7: Research Director | B7: 2.7
A8: Manager | B8: 2.7058824
A9: Sales Representative | B9: 2.7349398
A10: Sales Executive | B10: 2.7546012
A11: Research Scientist | B11: 2.7739726
A12: Healthcare Representative | B12: 2.7862595
A13: Grand Total | B13: 2.7285714

Sheet PVT_Performance
A1: Average Performance Rating by Attrition Status | D1: Average Work-Life Balance by Attrition Status
A7: Attrition Status | B7: Average PerformanceRating | D7: Attrition Status | E7: Average Work-Life Balance
A8: No | B8: 3.1532847 | D8: No | E8: 2.7810219
A9: Yes | B9: 3.1561181 | D9: Yes | E9: 2.6582278
A10: Grand Total | B10: 3.1537415 | D10: Grand Total | E10: 2.7612245

Sheet Association_Analysis
A1: EmployeeNumber | B1: Attrition_Flag | C1: Attrition Flag Total | D1: Selected Numeric Measure | E1: Correlation with Attrition (Yes = 1)
A2: =Raw_Data!J2 -> 1 | B2: =--(Raw_Data!B2="Yes") -> 1 | C2: =SUM(B2:B1471) -> 237 | D2: Age | E2: =CORREL($B$2:$B$1471,Raw_Data!$A$2:$A$1471) -> -0.15920501
A3: =Raw_Data!J3 -> 2 | B3: =--(Raw_Data!B3="Yes") -> 0 | D3: MonthlyIncome | E3: =CORREL($B$2:$B$1471,Raw_Data!$S$2:$S$1471) -> -0.15983958
A4: =Raw_Data!J4 -> 4 | B4: =--(Raw_Data!B4="Yes") -> 1 | D4: TotalWorkingYears | E4: =CORREL($B$2:$B$1471,Raw_Data!$AC$2:$AC$1471) -> -0.17106325
A5: =Raw_Data!J5 -> 5 | B5: =--(Raw_Data!B5="Yes") -> 0 | D5: YearsAtCompany | E5: =CORREL($B$2:$B$1471,Raw_Data!$AF$2:$AF$1471) -> -0.13439221
A6: =Raw_Data!J6 -> 7 | B6: =--(Raw_Data!B6="Yes") -> 0 | D6: YearsInCurrentRole | E6: =CORREL($B$2:$B$1471,Raw_Data!$AG$2:$AG$1471) -> -0.160545
A7: =Raw_Data!J7 -> 8 | B7: =--(Raw_Data!B7="Yes") -> 0 | D7: YearsWithCurrManager | E7: =CORREL($B$2:$B$1471,Raw_Data!$AI$2:$AI$1471) -> -0.15619932
A8: =Raw_Data!J8 -> 10 | B8: =--(Raw_Data!B8="Yes") -> 0 | D8: JobSatisfaction | E8: =CORREL($B$2:$B$1471,Raw_Data!$Q$2:$Q$1471) -> -0.10348113
A9: =Raw_Data!J9 -> 11 | B9: =--(Raw_Data!B9="Yes") -> 0 | D9: WorkLifeBalance | E9: =CORREL($B$2:$B$1471,Raw_Data!$AE$2:$AE$1471) -> -0.063939047
A10: =Raw_Data!J10 -> 12 | B10: =--(Raw_Data!B10="Yes") -> 0 | D10: JobLevel | E10: =CORREL($B$2:$B$1471,Raw_Data!$O$2:$O$1471) -> -0.16910475
A11: =Raw_Data!J11 -> 13 | B11: =--(Raw_Data!B11="Yes") -> 0 | D11: DistanceFromHome | E11: =CORREL($B$2:$B$1471,Raw_Data!$F$2:$F$1471) -> 0.077923583
A12: =Raw_Data!J12 -> 14 | B12: =--(Raw_Data!B12="Yes") -> 0 | D12: NumCompaniesWorked | E12: =CORREL($B$2:$B$1471,Raw_Data!$U$2:$U$1471) -> 0.043493739
A13: =Raw_Data!J13 -> 15 | B13: =--(Raw_Data!B13="Yes") -> 0 | D13: PerformanceRating | E13: =CORREL($B$2:$B$1471,Raw_Data!$Y$2:$Y$1471) -> 0.0028887517
A14: =Raw_Data!J14 -> 16 | B14: =--(Raw_Data!B14="Yes") -> 0
A15: =Raw_Data!J15 -> 18 | B15: =--(Raw_Data!B15="Yes") -> 0
A16: =Raw_Data!J16 -> 19 | B16: =--(Raw_Data!B16="Yes") -> 1
A17: =Raw_Data!J17 -> 20 | B17: =--(Raw_Data!B17="Yes") -> 0
A18: =Raw_Data!J18 -> 21 | B18: =--(Raw_Data!B18="Yes") -> 0
A19: =Raw_Data!J19 -> 22 | B19: =--(Raw_Data!B19="Yes") -> 0
A20: =Raw_Data!J20 -> 23 | B20: =--(Raw_Data!B20="Yes") -> 0
A21: =Raw_Data!J21 -> 24 | B21: =--(Raw_Data!B21="Yes") -> 0
A22: =Raw_Data!J22 -> 26 | B22: =--(Raw_Data!B22="Yes") -> 0
A23: =Raw_Data!J23 -> 27 | B23: =--(Raw_Data!B23="Yes") -> 1
A24: =Raw_Data!J24 -> 28 | B24: =--(Raw_Data!B24="Yes") -> 0
A25: =Raw_Data!J25 -> 30 | B25: =--(Raw_Data!B25="Yes") -> 0
... A1471: =Raw_Data!J1471 -> 2068 | B1471: =--(Raw_Data!B1471="Yes") -> 0

Sheet PVT_KPI
A1: Attrition Status | B1: Employee Count | C1: Average Job Satisfaction | D1: Average Employee Tenure | E1: KPI | F1: Value
A2: No | B2: 1233 | C2: 2.7785888 | D2: 7.3690187 | E2: Total Employees | F2: =B4 -> 1470
A3: Yes | B3: 237 | C3: 2.4683544 | D3: 5.1308017 | E3: Attrition Cases | F3: =B3 -> 237
A4: Grand Total | B4: 1470 | C4: 2.7285714 | D4: 7.0081633 | E4: Overall Attrition Rate | F4: =$F$3/$F$2 -> 0.16122449
E5: Average Job Satisfaction (Leavers) | F5: =C3 -> 2.4683544
E6: Average Employee Tenure | F6: =D3 -> 5.1308017
